2.5932685814864778,2.3378915341092452,-1.4778939244818265,-1.7414750415598479,-3.1103288270337379,-2.3657295352585366,-1.4457487519440599,7.1804089080162967,-8.6341356312257069,1.9072937475269252,-5.0346045308801939,-0.4927010471823123,-0.3117798418809977,-0.1941258598256218,-7.1624243980842275,8.3960936913556594,-1.8418037501485358,-3.0105071301613706,-0.2513290922442042,0.1904445786870191,-8.2702520126259884,-0.6451450035244352,0.2796950775946694,-5.8738498036319235,1.7021044752317100
1.8290527130780128,-0.5595412277176242,0.1639637377512985,0.2020137081306070,-1.0281382958854273,-0.5393321787290410,-0.4667895145700212,-1.4253447180366712,-1.0842631826558344,-4.2025827396164948,-6.9162002272230465,0.9918093815565084,-1.4667850525112007,-1.1852308196613544,-6.8004204522769109,3.6425904185887537,-6.1745751147660144,3.7381033064933371,-5.2229830195891118,-0.4352581802476937,-5.7927174626662135,2.4430157247133555,5.4213694829319969,-10.5739530241846360,1.6416030968285016
-0.0024586883421309,22.3126812744851186,1.0937234118569004,-1.2947084120668690,-2.8503367453466173,3.3528187744802072,1.3664390750803470,-2.2944548539677383,-9.3194324960702790,-7.9224239658102054,-6.6991338052404616,-1.0268973195201896,-3.4380835055571204,-2.6259993723467674,-0.3559242736644643,-3.8391006674546442,-3.1027822219586247,1.8024633774745447,-5.3735265786578044,1.0630314355904449,-5.2456842827558692,2.8344229702887178,0.5054854780951522,-14.5470172243851898,1.1305222690977570
5.9717027129722746,-1.0538907985409398,6.0377377022798546,1.8508404640342686,-1.9727632380321742,3.5851840862731374,0.5484425919032636,-6.6393569279288798,-4.0620467489422172,-6.1066206155296117,-6.9262371196925381,0.5409152391724334,-0.7520980432013381,2.6714852655545895,-4.9248229149599521,-2.0825140273899763,-7.5901755207761985,9.0847080777468889,-3.3083620225743013,-4.4979864955926860,-7.6015918538823017,0.5778025479303650,1.9828274814749753,-19.2515681897799169,2.2423947659894896
1.1486258996451273,12.8112624470010417,-0.3401995933606156,-0.4148728521978580,-0.6844543891754693,6.8899919146120663,-1.1371441167434828,0.6783782265267716,-2.2153906861062245,-2.8371261129012511,-4.2252399515478443,-1.3680904958370654,-4.8642103206917513,0.3887406928619982,-2.8571670313114468,-3.5412080678260160,-10.7830439193615426,1.0983456855726770,-1.3284808094804486,-1.5472312216544140,-9.4462410251818003,-2.3983223900762476,1.5958451285797757,-12.5212543510791754,2.7393576793789154
-1.5224128626315065,-0.4329144264879405,-1.0066245041909803,-3.6872029722446884,0.3683645366672345,-0.1809033289908322,-0.9862371382346810,-1.2269241189934503,-4.1709437567512397,5.8829863245931389,-6.4859320440890373,-2.4025877301097127,-2.8428532429104738,-3.2900008374302310,-7.5427847290595986,24.2714967733557216,-7.3492380499932386,-0.3172351710097790,-1.6217933006245597,-2.5504072123392438,-11.6250546937704620,1.0905095879319346,-0.1588048407199903,-5.2914571169123832,1.6570084912147880
2.2691261131398766,-0.7668547701116970,11.8024569987366554,-2.0763250392583319,-2.0264215318325736,2.8025921532066680,-0.9667863868783383,-0.6251462321952297,-5.2840405850034342,-6.3299125421552764,-10.8264242045839936,-1.1945550818799922,-5.2057665787590057,-1.3990978010236614,1.2648150241080089,0.5813146375905306,-6.5506280255954632,1.9553238087484810,-1.0842398504492776,-1.3476478263555922,-6.5613373518393914,3.6076949784934258,3.7807622799427305,-12.2095949782708395,4.1416862168908022
1.7819759729230153,-3.2717471034810690,-5.1330153066683524,-1.7235450169916182,-2.7160290543016146,-7.4800697384954287,0.7039140830776648,4.9648437030486825,-5.0520857918139672,-3.5920907300257996,-2.0158500255362455,0.3425410470755688,1.2301268296857082,-1.2200230130243288,-3.3997994458602805,0.5318313299360643,-6.8186211929518761,2.4161529074297836,0.8587099297126992,1.9727353260466340,-9.7539391715122434,1.0597041933160414,2.1620070260240483,-10.1984091583649708,5.8927684137795895
1.0602800126272780,-1.1114051785406946,-6.1092923141925057,0.8859034917817659,-5.4831532352314074,-7.4738994455988985,-1.8834692612433230,4.6375938106452281,-9.5079493528222976,-2.8241439651867322,-10.2170771707374985,12.8917965273041126,0.0316824547281672,3.5711254647580044,-9.6842997169908536,-5.6846956447757551,-10.7110707540086025,2.0800352999851208,0.0670510034418668,3.1025653614065694,-12.9517941998723405,-0.2691808948198436,0.0969819963598097,-17.1086165901682854,1.8780956543665692
0.4571220822705827,-2.3205846938359920,-2.6858617321642848,10.9507078947157268,-3.1725907899152128,-3.5298866556601114,-1.8878075224552693,-0.1397831639192992,-9.6974586049535887,-3.8688810818433730,-9.2906032171135156,-1.9071531750116597,-0.4847087660133462,10.0317328683105984,-9.4781139078006191,-1.3259061914740984,-10.5132941586896269,-1.0540363228827476,1.6774193016898244,2.5615784028029940,-5.1421751309097559,-0.7779448258374471,-0.3413742564443437,-1.2385066495948784,-0.5977988655577013
-1.0078559924341386,-1.5567327913975015,0.4199738644864304,-1.8157104471325423,-0.9223409192606939,-0.7296520966194939,-3.1357798884651817,1.5394673960181804,-6.0301794862868929,-0.7624371707257213,-7.8859603215701783,-1.5479580048626369,-1.9249396409309922,-1.1437472917954781,-0.4023777097447307,3.0524933168641386,-10.8161639401579102,8.5296061350769161,-4.4369427993857338,1.8043738381787926,-10.2366053552973124,-0.7941059470830226,3.6299537761708849,-12.0643360887380737,4.0297496186109276
2.5295378973606484,-2.3273286213246105,-4.1116662435354119,17.9590302579107650,-6.4005126884567982,-9.4871785521418683,0.6526650907158338,-1.3540307907657292,-10.1020457926334597,-4.6628795217992947,-13.5518871911850880,1.0085353576432172,-4.2959881541602867,15.3709793213195027,-15.1721844752184811,-0.5983841996392495,-13.9020372743327361,-2.1881991632166060,2.2279161554479350,-1.8072364973267825,-4.6183382385010034,1.5302251148201429,-0.5054821438414417,-8.1828773828526522,-2.6869517825652949
7.6103140874783648,3.0096726665349345,-0.6522060799728560,-0.1926293907294351,-0.9382238978924773,-3.9496228241413860,0.7803933512276874,-0.8000113373955307,-9.6514189489391828,-5.5544022855932971,-4.1490365461645897,-0.3230179983178820,-0.6964821138861287,-0.4585134301390557,-6.9204776333220561,0.0618881082146049,-3.7820697145886752,0.9709436335471590,0.6846432221373346,0.5245573150842914,-9.4274460295643703,-1.6369462424892562,0.1348787400123063,11.6027348124470642,2.6631450239602028
4.3968259401350531,0.4874039393592167,3.4585418912237129,-4.6627389436724673,-2.4411347554158853,-3.9706178840886284,13.5657234739281591,0.8146723633247667,-7.4745044648513321,-5.7206966941582760,-8.3926728315061592,1.1403148047526928,-1.8791128838801363,-4.5348963645477811,-9.9875860591666576,2.2330111173411229,-8.4919559573018581,1.5950242006617079,0.5138659790316886,-1.1260964297755705,-8.7960754243939796,3.3616203511919749,2.7287535752956362,-16.2746383685096703,2.4607655767745067
0.1307367572766035,-2.2762316969440368,-3.1147107314761624,12.6845225051145878,-4.3797072709771543,-3.7921782003941660,-0.7621836954298238,-1.0402678929617546,-8.8227212496023402,1.0251209605717824,-4.6406839483879718,-0.0185690934407269,0.7354462271370099,12.3229823899756568,-5.2351905912973180,-1.2029881675272973,-7.7310576584496067,0.2548568470269411,-4.2009061098356311,-2.5901659566732760,-7.3864309645341280,-2.8252157537687435,-4.2020643138776910,-5.1091726359274654,0.7464255300680152
2.7970341951502453,0.8202414056825005,2.9389967953060356,3.3794642231387440,-0.2585110047375423,-4.2071653689455175,-0.9454181370886008,-2.3237950093452486,-3.3551598484507865,-6.6873097348746775,-8.8368639294504963,0.2226977275908731,-1.0801553853345292,-0.3763953535329461,-4.6513114922247203,3.1787221677162520,27.8955516900956901,2.7179876743264617,-6.2403668311441720,0.6772671181100517,7.5079021168333391,3.4395872829273757,2.4627618365126289,-23.5264297494754970,2.6308568050147647
1.9127261302447935,-0.3856837190561306,-1.2400237849144384,1.2565041829333963,-0.0386613483100769,-3.7984836714253012,2.2041026401999693,2.9943625508728076,-3.5340745166087064,-6.5941739794189091,-2.6611810648365211,-1.0499857566891759,4.6802886943750082,-0.1859900871992132,-5.7992067403641157,0.2190152776525452,-6.2958108161296860,6.2953781210341422,1.6506507497613967,-1.9426197155309404,-5.7078550157139532,-2.7090565082567388,2.4913624571323907,-9.1120841288909205,2.8139603505342152
1.1247381988464040,-1.7199318667803651,-3.5101619564770949,4.0554132620008483,-3.4952403325331258,-5.8170458102232949,3.5142091554221198,-2.8061822911247378,-11.6705912477116556,-0.2198325007136680,-3.4063431248009395,1.4774107226043323,0.3495002622287476,4.5330779010652957,-8.0383877818880940,-1.3531989070635588,-7.7244087696259411,1.2943828003410078,7.0090458168296434,0.6850095529098382,-8.0930471238476027,0.2750019365745676,-1.9109246264323698,-1.0121112978621087,-0.4764193885832230
-1.7130841172009028,-2.1870767847533550,1.6943926347158562,-1.1444011380804489,0.8701905593373823,1.6495573952597025,-1.5482588377310327,-8.0731567917951939,-13.4611231035382737,4.0501375324871667,-7.6881586635076884,2.4993192319923390,-5.0436145858313193,-1.3272425328180184,16.0052646332495137,-5.2467153623326190,-8.9041764294039627,2.9200371436694130,-4.9713492703847102,3.8046675555864709,-9.9510134467500659,5.3127483221689138,-1.4070351958068239,-8.9595984637429886,-0.0057910843815036
-1.3382919774135662,2.0722593358731514,-0.8205533948004010,0.1189950756632901,0.1102179409622898,2.2570393476168764,-6.3637403263629260,-3.0570540707160214,-0.8838426552401366,-3.2111455842601195,-4.6668656588568744,-0.0261691607587617,5.2446355413529879,1.7667135303067396,-2.2004059299984231,1.8503202500264280,-9.1981793423674425,2.5272336564198303,-1.9057016657128838,-2.7849223131806697,-9.6259735844307581,-0.5308915671303331,7.6475722375225992,-18.3912135167578406,3.1534752852963459
1.2957518015776874,-3.0629080425018804,-3.6713349934332564,0.1581410902680404,10.8074108660547932,0.6786730748932140,0.0473334362766552,-1.1810653170666896,-13.0652256571340182,-0.2382524196903840,-11.8033173778347376,-0.3605351800068149,2.4272033696507251,-0.1794589984653991,-7.3458545357343663,4.9277381307765964,-9.3018806557307325,0.5549033453590387,-7.3353891053153912,2.2966164508413791,-9.1119832969408332,3.7417902035457873,-2.7649404256555430,-13.7984834837404726,-0.7388211813375642
1.0947846326475936,-3.2747918264821432,-3.6334233968891207,1.5982644307326708,-1.8012075590317171,0.5535211444334408,-1.2064531448407791,-3.5174566756886496,-9.5637280705633554,0.6919374558600224,-9.7184872994105529,2.8318749739651170,-2.6630859412017185,1.9870391391367181,-2.8581114514087749,0.9042134194684928,-2.4613199773058834,-0.1231738854884881,-3.9498476722360536,0.1134688876097082,-7.5984111105227834,4.9526821378423618,-2.8690515903400025,-13.7226682915942391,5.4462293387204612
-1.1319282338849448,-3.5144037316840713,-3.3962551224921884,1.3627660644445179,0.3526769582895903,1.7743301516370809,-8.7906813325630111,-2.5209942383617814,-11.3819862600115176,23.7333519245989990,-9.4060003912082149,-3.2364398308369546,-1.2276301192760140,0.4801583695938020,8.6239281776292582,5.7141756804220378,-12.7551254816470792,-0.3377482892824175,-8.9567464821826448,4.8951531341543859,-9.6897041052611037,3.5556506972316839,-3.8694479740361212,-22.4194152926799575,-0.4298813468896546
4.0303392579232478,0.7822157821955480,-2.0818993554172720,-1.1654556225503905,-5.8498116840868324,-1.2093311702177509,0.1423831180065574,3.1814139299311837,-15.2135692374425187,-1.3720606431868994,-6.7227716034261737,1.4171686393176175,-0.6432574737332458,-2.4545145724573647,-4.8779250167860333,1.4503458794121087,-2.2705273835080120,1.3345339646062955,-3.9778072030564786,11.1985471709565267,-7.9376401091345334,3.2470219065107990,-2.0578108328243463,-7.6706128248155467,-2.1322940695183736
4.9955307065903183,-1.7533892946450131,-1.4941862994207964,2.3553198427376540,-3.1834592634383680,1.4871128583992201,-2.1113688897606546,-3.1700620980181133,-14.2656644694631307,0.7471427830786656,-15.3176774533750368,-0.6654438651161056,0.1663247579465861,3.5675407239434920,18.1196524615735193,-1.4132229204391027,-8.5980973168223436,2.2356460999941885,-1.9368722962057523,2.9102808032764256,-12.0038631973802161,-0.8216582686632447,-3.8914325730160244,-21.9922987047358589,1.6678538457456069
-1.8266865379642803,-0.6271145514839538,-1.8924534648478086,-2.6127661527310089,-1.4183641118403751,-2.4009273796795036,-2.0808352696665087,0.7394742373454550,-4.3910703056485847,-2.5827882714115376,-6.8017763450385456,3.3463636659461837,3.4582416985387519,-1.1216575959133668,-5.8412932909136224,0.1549462024495070,-10.9070571799495895,1.3346804197272037,13.7828183597461837,-2.2521957284049092,-11.8953541982939157,1.0993844151544931,3.0280648983978327,-14.4411496542435671,2.0495132738343846
1.7349722625600621,11.4926847711244324,-4.5034791621735675,-0.7780501826042652,-2.9765068202986478,-3.5404656795598299,10.2799941525189880,2.3121253510786075,-9.8653347564187985,-1.6106590655279014,-4.3381513093437274,0.5255363206635717,-2.3389097042437039,-0.8223665869138900,-6.7695416403874908,-1.2741292673367530,-4.0648263056891212,0.2474313791146937,-2.2489292901476663,2.4446555026568659,-8.2486638933920489,1.3342229994499251,-3.8124544391952417,-10.3636909803328798,-1.3123948292896697
3.9053088367305580,3.4433816889752240,2.5023545619862224,-0.8635196159412943,-2.1677243144425660,0.2797605379640242,-1.7412419846000278,-1.4730568100228283,-5.8823360234966007,-2.3804583743011718,-8.6916522276070047,2.9563638198605831,-1.6187642239561242,-0.1893194890114683,-3.9441809383020470,-3.1896888741646179,-8.9001789759578820,1.0516684638063227,1.4686845320058841,1.1356168906771746,-5.3750222678141775,1.2634505845810748,0.9931431988184285,-9.1115505699671360,0.4584744913377631
0.6348494674505930,1.0457929484119759,-3.4956873629329612,-0.5597385417939494,-5.8884443710276271,-8.1982246038829896,-0.1477503064518559,15.5788157837830123,-11.4511932314535798,-5.9542709466651154,-9.2958972959326935,2.3791818588187752,2.1223861844854395,0.1851692227639503,-11.3920698020806324,-0.4351297879769301,-9.9775226595625046,1.4768686887546727,-0.6466755800507371,1.9237200584497198,-10.1325472971673562,3.0350073507568536,1.0776897772316698,-8.0436943851227181,-0.3717678413796422
2.8339866690432212,-2.3511204473969700,-2.8153811217006504,6.3532353509934989,-1.9579914835761303,-5.3431004038202428,-1.3660526033706579,-2.9305454882167901,-8.0637946541639600,-5.8637779624230557,-4.7817029623070182,3.1940549233418460,2.6460990737384225,5.2464207415612680,-6.9331238286304488,0.2621213576816131,-7.5996828682670756,2.3545170924756342,0.4796459556078592,0.0146032338240166,-7.9482181317939853,-0.7444082350232035,-1.8502330903817708,-3.8862238897582326,1.2243272875374758
2.6403469712772289,2.8986876369094334,-4.6089364387835703,2.9963483404549520,-5.6941086327435668,-5.9227733328652157,1.5978930709477477,0.7017678127188425,-13.4697696758285712,-4.3209953380183608,-8.1059887797853403,-2.0799571614202867,0.6116453328088871,3.9224637947879670,-6.9809603098023700,-2.4163061007331916,-7.9189085214680848,-0.2188363108375762,1.1259172597400717,3.8470124431225057,-9.1132407750033870,2.8459745049527356,-2.4401260373668814,14.4412916574732506,-0.1438646300468224
0.2375234139979142,-1.7374312311126019,-5.4274172761994572,8.8134978043649443,-6.0077094842519854,-2.2547504165337697,-5.1643541371790374,-0.8914856125371260,-10.5642764097148127,-1.6171928475253006,-9.9015244201782160,1.5431071002840528,-2.0676677621240485,8.1873598434009001,-8.5821613732943138,-2.5990501812223501,-5.2155944995062997,4.5813012473536645,0.7143872760542935,-0.4644517266474210,-7.5597366134855521,0.8085017264978294,0.7266193535672271,-9.8058543579206408,0.9768400640130377
-1.4988300774710361,-0.4927843758009341,-3.6256085838032939,-3.2531973063024231,3.2480842224963022,4.4312979162247075,-4.5607200681906770,-3.5688870934069583,-10.4082525013583354,1.9599817955754459,-3.5192809626869237,-0.6317267704070891,-1.6826160797042764,-2.6985147993858436,12.7434953299264979,1.7431368789894934,-7.3639073832591944,1.9946368498486930,-11.0736823020189021,4.6538485253282884,-11.3044966951900516,4.2409519526579800,-0.8820067304835971,-13.5950212260751329,3.6922241704148697
1.1736312512498055,-3.4305147479706783,-1.7196583571516846,-1.7248358583075623,-0.1346090200403929,-0.3096474197094182,-0.8216135356466541,-6.6753311337798955,-10.0087683670265797,1.5027655800877866,-7.0791336322236376,1.0177034907769051,-2.3137256286281325,-0.8003001585430635,6.9319185412878070,0.0178049558525976,-6.6945517444576144,-0.0200992084327539,-8.5405891124413280,15.7056402998438394,-6.9762119325995968,5.1849640993409700,-2.1725664707337651,-14.5473664845880073,-1.7133359370161712
3.4275944436202264,-0.0976346559369203,-5.8666229907195016,1.7393248553686931,-8.0014337621719900,-7.3207798018002608,2.6611403345406259,5.1327943103839946,-5.8673903304942261,-5.0725289534168043,-11.7592097541233596,-1.8139370655965825,-2.7641063553993499,2.4073725779061252,-9.4971199482434852,2.6656363939326271,-10.9199473137789766,1.2926883186598566,20.7305565118509669,-0.8678178813638462,-11.9463660175187787,0.1155553624203619,-0.8163338359253201,1.9185862697139275,2.2036550609978218
0.1857366237031453,-2.6523531939122731,-0.7509728320231430,0.4754703950337544,-1.5494948035456799,11.7055051539518651,-2.0683930258658783,-2.1284271333001157,-7.7918147205015007,3.2205776246773294,-2.6635019123848380,2.0181041635784505,-2.5974120314322957,0.0249733854775718,-5.8161083294217111,-0.2938596004202210,-10.2721410018087198,2.2056703478698023,-0.4306899502091865,2.7149300142320993,-7.0518097850608985,-0.3009901212685677,-0.2386053628799709,-6.4698363186565162,-1.2218716645660161
3.4009921204973845,-1.2708988283548170,-3.0407537393740594,8.3429039712371260,0.9237141083474711,-9.0378736467659895,-2.9580813604942371,-3.1263021476712582,-12.0295021581268387,-5.4739749590291673,-10.1903898749695401,2.9809548926345046,-3.2168815490253517,8.3008762427090712,-7.4943624047581272,-0.0000840912725515,-8.7313316577267983,4.2040546774153320,0.5761609714851703,2.8738190088772835,-9.5599539392793975,-1.2749096763948136,-0.5191311242073369,-17.3667341319258348,-1.2049895229801981
1.5828437124548158,-3.0560731872313891,-4.6868258656467718,-0.2977138774851643,1.0918297133933523,5.2462179184729800,-4.1858797847738582,2.5023131799538127,-14.9897365170841397,23.9583749344169306,-5.5998094784351595,-0.8420784573238226,-1.7293100003531408,-1.9639206503342852,0.0226626837219799,0.7131280772921430,-5.7820070133815591,-0.9634680884526790,-7.0216929759271318,7.2285140632288289,-5.6413526994561565,0.5274078951462923,-5.9073911954117442,-11.2702590497955590,-1.4436830727204393
-1.0586632722738403,-1.5756130040493954,-0.5435662591562492,-0.4475420800025292,-1.5437327936030962,16.6045978800195968,-3.6956400853216400,-1.6927280561608409,-10.5083122663558655,-0.0857774747679559,-2.0891202737662153,-2.3859564879415385,-3.8426734814089953,-0.2267099104064656,-0.1743460899548161,-0.4145497262342482,-8.0903240952368769,1.8818333009462578,1.8538933460690188,2.6489954930781199,-8.8590360842565303,-0.4311115488858114,-0.2568788129696816,-5.4581434315376098,2.6979056491534918
0.4946804655040125,1.3724861966665554,1.2923569232563419,-4.7968524478780834,0.3327079934823800,1.4651525489867219,-4.4900551384057552,-2.1028404409576127,-6.4910564569540847,-1.2053611286463464,1.8946038343323917,0.1472672117773427,-0.3830546694518281,-4.9280306394104176,9.6477447123919227,1.1380585091022548,-6.9535322804593198,3.6406729479220821,-4.0612197273892932,1.9868448550264750,-11.4496063891927502,4.2862423252857544,0.2261719521458989,-13.8337775051459211,2.0086882022011441
3.2586139565191283,0.7952732155223758,2.0955484414050147,0.2253186314145949,-0.4134818345027449,-6.0729119641189717,-0.1439497600519397,3.8256590204080028,-6.5468348249411825,-7.9088488103694665,-5.6643794982008870,-0.5011721897596252,-0.4525301745105931,0.0727469723999166,-3.4601706032153841,3.3618944631948904,-5.3200448944457115,2.9140795991824877,-0.1274352448767969,1.9481188047323093,-7.6612864107144576,1.1862279794702117,1.1740493615560974,-6.4691410715435609,-1.0957217554546672
5.5018192568123254,0.0507342766769912,0.3830132251208904,3.5899883366256451,-3.1093435592660925,-0.3120784010586424,-1.4533606101368921,1.1970303847303234,-14.6814599434734863,-0.7053774583574315,-10.4342768421258594,-0.3749346197808717,-2.1217758394679067,5.1719250320919574,-10.1397481750737057,-0.6545591324314003,-11.1981656382681578,-2.6648140325174730,-1.7676328098784306,4.2740200639538477,-5.1469360950681722,2.2184385572087040,0.5016261037243224,-2.2623380630076912,-3.1916259870425514
3.1177044672302920,12.2247937028176423,2.8753169679669712,0.2125686480642284,1.8233049066093470,-0.4058407510579152,2.1792464009845798,-3.1100729331452364,-8.5951423850625321,-1.7723207628618323,-5.4118582850475550,-5.1232979234608029,-4.7560701723999745,-0.1190852975751662,-4.2025520857683203,-0.1707039933117838,-7.4567854348658882,0.2478672560667288,-3.4847392944135858,0.1238916545094765,-3.9222353753356858,0.1952502117889075,2.5304911386166178,-1.1748956744726029,0.2761065215118372
-0.1336013255072532,1.2545883446966495,-2.3533451643113534,-0.2683951539923254,-2.2128479542930584,-2.5184449802653823,1.4693357852351991,2.0800740701583722,-4.3839354986156502,-6.8366667738810074,-2.3490758887240322,0.8068437836156734,-0.9850753083594962,-1.4506734743819938,-1.2059846598784645,0.4123310161870160,-4.5436294304243603,3.0451825070356127,1.7911488689619188,-3.4741578003447069,-10.9628293170384872,0.7826181713064854,4.4100965006160768,-17.8763330102537843,6.0229478493047841
3.2693173920422440,-2.0445868461607168,-1.4475857132225951,-1.0173430718139422,-0.3840838574399964,1.2363693169457926,1.2643739989202469,1.3744685126823972,-9.5937162205026478,-1.1328818549808324,-1.7170396234268632,0.4473838690984356,1.1882597154002859,-1.2817779676490895,-4.9612482456535520,-0.5116511044172449,-4.7242011564632689,2.2799022388863137,-1.7122838581944322,6.2436185877461625,-5.0617577423646862,0.9055892920330427,-1.9716879738634521,-5.1218025667070952,-0.5508665954058338
2.8876076672196205,9.7930380617039390,0.0307217131319303,1.1902312566626914,-3.1751293874591622,-6.2329634879266855,2.0183469882595944,0.8904316871986558,-4.2545107763249215,-3.1951830835451229,-4.5885353146574808,0.6235188144100523,-2.4164098423434091,0.2994391176154427,-7.4271197690694724,2.4865133085548248,-5.0164622337097420,0.8887776680321812,0.8722803388337086,-1.1725669362590492,-6.0578129442308075,-1.0486574718891379,3.5610016184852467,-5.9245620861810826,-1.3543664707152472
6.4560980630490308,0.5123536050096904,-3.9244706464971637,2.3179288777125375,-3.5091882365208180,-3.1618627690348595,-0.0509562568945144,-4.4590463010069126,-11.8183314005390816,-1.4316797825850092,-8.4284357782009423,-0.5572922517522034,-1.7746325331069186,1.2345756020276306,-7.1568172211560395,18.9844628066026395,-8.5952631170011458,-1.9266855483412566,-6.4902181995567707,-0.6516659607777682,-13.4004411905315415,1.3802745409082133,-2.9911827054624829,-2.0660614799021442,2.3714826960934974
2.5524615160667445,-2.7101208301862512,0.4626302772435640,7.7033055773380052,-2.8627554517310916,-4.0299734785667738,-0.5999936748206938,1.2296855508653259,-8.1422378989086663,-5.2790835948551411,-7.1748753752459544,1.5730298790330492,-2.5877849743297525,6.3431698834903827,-6.1433699662228758,0.2406410905893780,-7.1350965328795430,2.7226280431300109,-0.6052850714558735,-1.0827349558063877,-8.7336617682155460,-0.4029571829844861,-1.8379699680249888,-12.0823507692321748,1.8595680908832091
0.8266535655737588,0.1239566366572489,-0.5283240346271548,-2.7454876776964872,-2.2960517057080629,-3.7751072782597586,-6.1149360456727209,8.8311869273283286,-7.0730703575654026,-3.0821927788897638,-7.4537825331321956,1.6823395241731856,-2.2060195302441192,-1.7601661828206490,-6.4980853001735044,2.5440381129115783,-16.3572177672137933,0.3638918727947192,2.9781945459800885,-4.3159659435164182,-14.4702131076094354,1.1883485002270984,10.4984134838520102,-3.8039287920085822,2.9708278802012131
1.2383884307361426,-1.6700997355886817,1.0922602228607996,-0.3822655099060099,5.5066997694236184,0.3983141414748156,3.7852755063914225,-1.6667723704984527,-4.3420611451568183,-7.4625857449151969,-8.2207050558080397,0.6785086815277037,-2.3253191136854636,-1.2761193448122934,-3.8631415230434909,0.5858276940306377,-2.5692506043100760,5.2266800310845616,5.2107603384063061,-3.2538881483637341,-7.0551767540613044,-0.7221052152601015,2.8651843737512945,-17.5306776446826618,3.0254998948863929
6.7754492326576390,-0.4067331328188357,0.7305929106829849,1.5753409618658485,-3.2380492188370513,-2.0166055219455532,3.4718336373467293,-3.2836420650702034,-8.0791311200928071,-5.0662469691836849,-7.0757936434263442,3.2303317492541805,-1.9968828534527880,0.1334178285981805,-3.5587118411329777,-4.6927995747804463,-7.4812682983178709,1.9585440381808841,4.8105145294688887,-3.6078877086291854,-8.4786165897533579,0.4248558746002470,-0.7751936526259514,-7.7772232828259895,6.2701080663983513
0.7630656496301237,1.0386949701141588,-3.2404002285755649,2.8431264473047482,-2.2994557616777982,5.6447387888599634,1.8722636613988402,-3.4399182281678562,-13.7880176723930674,1.2457057559331082,-10.2209367027915956,1.8841412542359042,1.0922300811358077,3.3235833794118652,11.4904314038980200,-3.2735463160269687,-8.9965997525518606,2.1194175477565538,-6.5282965548912681,5.7608269199806870,-13.6101165376869435,-1.0995965035550315,-7.4198094330730529,-16.5450300671075645,-0.3689371273976235
-1.7351766570192209,0.8658014260077935,2.5401369519385053,1.2270287438076819,17.5851094598900950,0.1174305017350732,-0.6574715776281940,-2.9234317766174405,-10.0023868869288126,-1.8338229126751726,-5.2162458092093722,-2.7253766601087781,-1.3131552103524891,0.5809255874485153,-1.8924588001548117,2.0891662502945505,-7.8061355394863368,1.4480124320089176,-7.7076307330384939,-1.5945000313135043,-2.9109772164163337,0.4761561281910011,0.0544787940114388,-9.2042722031549502,0.1339639631875803
-2.9137649041136910,0.4413167376710711,-1.3890624909936991,-1.2149547516038917,1.7069447587082602,0.6524666109823289,-1.4694652422547840,-3.6104242888995839,-7.8183122007794434,3.8890289956438338,-6.2357442439650459,-0.0380102116233504,1.1702342671066515,-1.5549813730576523,14.2460498260817872,-0.2477247094366388,-9.2876379056738259,1.4290161887909938,-5.1293738895749046,5.0064187229532395,-10.5726327966292679,2.7139034926819798,-2.0913209147044736,-9.9937631573876295,-0.4909151137753519
3.2524445956722428,-1.1737305311633546,-3.7039877003860666,-3.6878231667315711,-3.4809747393947039,-1.2730457749126074,18.7247114044008960,1.8568135025915766,-11.7233266016985738,-2.4934244333984683,-4.6410556467797504,0.8077711099580552,2.9663020997814917,-4.6354587099919096,-2.7825379282987313,-4.5734480699391300,-13.7445733102646859,4.7269256473998755,-2.2242566212832697,4.1059445391028886,-10.7094112094609262,1.5114868531896035,-1.6579367400047060,-4.7894859793551534,-1.9491454121915466
0.5366507630885050,0.8827306341602636,3.1169935699879936,0.3978891051464321,-0.4836384163852637,-0.7228038901718861,-2.3254304830603769,1.0205301176516501,-8.3348564154718954,-3.8935376277366660,-4.9031813009008927,1.2326551039126454,-1.7602314442978850,-0.8495542901471564,-7.4590542355017355,9.4557781657571702,-2.4235376354647982,0.7495502161128853,-1.8419658803284371,-0.7205545606884640,-8.4218846828676757,1.7582809661181655,1.9456086264975989,-16.9184579178650765,1.0251621416773991
4.0903144538778538,-1.3924816119964452,0.0340587856628361,-0.7412782348644985,-4.3755525059350280,-4.0550907066816766,-1.4429936520771760,-2.1253103214376976,-10.2728246664445795,-3.5202239151699128,-11.7799639491294972,9.3271443157350777,4.0039127239848034,0.7756891110769113,-4.9133934854478412,2.6764460859104551,-8.8611092800614966,1.3233536895137223,-7.4809539943067200,-1.8375935776878567,-12.5814891917839624,4.5807122199236012,-0.8807226970027084,-27.0085157543796939,2.4188366751510775
-0.9005219098685674,-1.0930664804709793,19.2456901354370729,1.7658022959962636,-0.1139808198031037,-4.9917921694306999,0.9041767347895412,-6.7033663824889924,-6.1759070300336036,-4.6630630969977336,-9.2139430377340581,2.4743809546696087,-2.5847235074205579,2.1982043647839138,-0.7052983224341003,-3.7141641304054303,-10.6179052760641497,3.9536075712863865,-1.5133397350998354,-4.2729232134914801,-3.8110870316151875,3.0137942960741846,0.8379212172173067,-8.0523114158426417,2.6421755627293351
4.0976963571341214,1.6501760266665098,-1.7555011234530875,-0.4706672004051237,-3.7679586111204979,-7.2538992531583828,2.5653079036436841,3.9916164302470576,-10.4820782084911883,-3.5892121064834313,-6.0596855311532050,-0.7262242313823070,-2.6797317819384734,0.3206676939917451,-4.8182553635019323,1.5716455943355645,-4.8385539373236135,2.1860925170980430,3.3945133743353559,-0.8505968656220505,-7.1342587027714766,1.1988007019405345,-0.2072114498008014,17.2286729281053574,-0.0714271281622390
0.3099492677716265,-2.0562479141480341,-0.9063555274695012,-2.1176666143475980,13.1539285786280615,-3.4388744673968383,-1.9146421894043002,-0.0549111447382457,-5.9787148033389865,-0.7846568699697111,-3.3635587850543054,0.7678954897963119,-0.5070349363250185,-2.1120675845695240,0.1884388371964047,-0.9244509813472691,-2.2848944194123386,2.8733937940068852,-5.8232883991889599,-0.1632417562486752,-3.8026046347785663,1.8102625820488956,2.9124670662835204,-10.0650485169482344,-0.1124518833751699
0.4825405804889556,-2.9705439793250532,-3.9448957269719656,-2.7475589135282137,-1.8735821310842906,-4.4647924566120274,-2.1844766200071231,-2.9553323393666795,-6.6659179819063903,-4.7725773319694040,-7.0946743534779833,1.5716421563191063,27.1471079174320273,-0.8517954544866714,-1.4283113047723242,0.2456366353139269,-6.8720470218819472,-0.0930595958144157,-4.0225285296971478,1.7345416450084992,-9.3100105783879208,3.1166471723474465,1.3344310176456931,-9.4771619140210461,-0.5788897932076482
2.1955137892835470,-1.1918316512358429,0.2053389182404842,-0.1760402836675632,-1.9667516390400726,-0.0249481607874272,-1.8756321558071261,0.2190658662907647,-6.5754812395365523,0.1206333476419710,-10.5682971458648023,-1.2607701413189216,2.9419113217990560,-0.0253465158262510,0.8416065323041539,2.4262596786525195,-5.7472873818071744,2.5206926167782973,-4.9600918677327392,0.2001102189366181,-9.6452472236883420,0.6108844423362656,-0.5324160918992035,-17.5062799170757586,5.4008388767107194
0.5394629994912190,1.6113272401454430,2.6217676827840233,-3.9508471432620382,3.1818410308640126,1.7494053233171505,-4.2700428615533443,-0.9774382975832527,-2.7529782224825343,-5.0084530446000821,-8.1294836046641343,1.0064690380504997,-3.5475015532523457,-2.4758012109443905,-4.2877217016449860,-1.8685276312716492,-15.6871305521479218,1.5875099024021937,2.7843867973115870,-3.2574959705230428,-10.6341166972392660,-0.6144394277689860,14.9365952000367130,-9.1647859396481230,4.6666215531517379
-1.8858196810853542,1.3611030910111113,-0.6355106420447466,-0.3052826390875818,-1.0084640288190050,-4.8111590389859220,-1.9820186615882927,1.3761105244981864,-1.0630462263215945,-6.7429550153140516,-5.8246292238851272,2.9846644832640403,-2.0564528964487492,-0.6667863431729739,-7.3554116621507779,4.4449128949036236,17.9100561254778121,2.0223062587697118,-0.8660060212525658,-1.7111702081754161,-1.6268593402883367,3.4064776667867700,5.3402492748058590,-21.9383465483041924,3.1397128475900633
-1.2208290869804617,2.1155400763188426,2.2450738526433596,-3.3344975665571432,4.1117911792450661,0.0851631939509840,0.5592380322766940,0.6426048653899853,-4.7128482356060388,-6.8257583087719196,-12.2080547472873704,10.0952335480502509,-4.9109921158036691,-2.0546944741665043,-6.0042741190710300,-4.9802026260381993,-11.8452868003947422,1.9083758760612648,0.8950757138336094,1.5811313833479890,-12.1974082523541050,1.6599320220144866,4.9802234639689731,-17.9939004537895570,2.2637976284194563
4.3889753136141554,0.7933114261762210,-5.9607270015414162,-3.3236890369530490,-8.4522020544591214,-10.0394968852407995,-3.3227740011461204,10.0914325489045797,-12.6983573797905755,2.1688642563490554,-5.9887112576788724,1.0650283374721377,0.5065931568887032,-1.2596600959083117,-8.4497284357149809,-0.1062803709816834,-7.2419083478688622,-1.4445038236926029,6.5287153274844387,5.0989960917012009,-10.4951826549640188,4.4049367676206401,0.7257922118956418,6.0100478479674200,0.9331184295332666
-0.1179627148127645,-4.4143449485006494,-0.5501586864787549,14.7237424937571095,-3.3378203135975308,-1.9410726809883985,-4.1861064595803796,-5.7419147925526488,-9.2065501914396020,-2.2709736220557932,-12.3100157036953650,0.3370218123783447,-2.8251214011935017,12.9654776888662386,-2.8861974398228898,-4.9298966233783990,-15.5827989818244426,0.7362669824656448,-1.7027137930744050,-3.7725523542944313,-10.9950983368539585,-0.0578877909502024,0.7046423976940169,-12.2712754878457133,3.9366909390608633
5.6598520679649127,0.7583070962621317,-3.1767189812464811,-2.7877271409196234,-2.3784847214113638,-2.5018278499462605,4.0305386714748659,4.3849538866121396,-8.4884564832686156,-3.0257872113587738,-5.3642572205960093,-0.9530585103557087,-1.5420019196674755,-3.1015070491788976,-9.1310169420832636,4.2210645545244638,1.5368733070315059,2.0592104490511600,2.4435605977081081,0.3787942100604707,-6.3811937801417518,0.1599995064007393,0.3552107486273242,-9.1954776615359641,4.0076994134290285
1.8303002170264782,-4.0732869954062076,-1.9858983421458647,-2.4761485621264709,4.7461979703442427,3.6440996555794656,-3.2674949460158080,-2.2853241868803318,-9.6438481569966701,4.2708137620272755,-10.2520820386772940,-1.9530658219311976,2.2120866110972264,-2.2312128317889157,7.1817577453838801,0.3751424598158697,-2.7500910596795958,3.1379239327535120,-8.5862111770502327,10.5192274785780331,-9.8285563143347439,-1.5149168693732205,-2.6951557834732225,-18.9518675698562546,5.3208014305123816
-1.0639885146896770,-1.6308705592873367,2.5729985002953302,-3.6397821918115221,19.4227788101541528,-3.4825163948678797,-1.1988227321054081,-2.3078159538593273,-6.5095702024260556,5.8213485707529813,-7.7871960244112284,0.9810096498164365,-3.3611164452928430,-5.0684520594183660,0.2050414375480411,0.0280326214755389,-8.1420503777870863,4.2930383742273124,-10.6064598142357482,1.9703372630977833,-3.2547834747209237,4.3785846272602882,1.9476646777259083,-23.7220221089894494,-1.0427202841714032
4.4379322832798866,-1.9003083304274104,-0.9462543536614794,0.2648606016331170,-0.0964264295584107,5.0009457380113345,0.4531885377941055,-1.2420587001715537,-12.1566788043877079,-2.7832798750385379,-4.3986557857613793,-4.1793490911409412,-2.1848195938973514,-0.5516524225282674,-6.1290982931484992,1.7325018534258581,-7.2307740861686929,-0.7152165828856526,1.4860011001536912,1.9807831179801720,-9.5508258593498443,1.8588003070854504,-1.7101012335247481,10.0679411715755940,2.6439083223844273
-2.1204379405047264,-0.8331221157931905,-3.6581130692179564,12.1245621811416733,-3.0712553418486754,-3.1826448627231207,-6.9331464105170930,-2.6840295329696295,-9.1197638035470945,-1.3984910066032616,-8.3311414379970916,1.8338713986830388,2.1572444716647881,13.6971901600643164,-4.4158965641739156,-2.1254859367805050,-9.8790443086544570,3.0929945735758575,-1.2736244262471508,0.6686683281326483,-9.4900723022660038,-5.0316739249050295,-0.8870789965734921,-14.7677769445426996,-0.0629766283017930
1.7977955044120886,4.5763619310737971,-0.0899698641118001,-3.2917202160130397,-3.8316570616475896,3.3463242481926558,2.2662682445579700,-3.3644321083538316,-8.6225432984348291,13.6585503558273551,-7.0127741545492217,4.7807141042490535,-4.1955875255072845,-3.7099648872607660,-7.0774939016232459,-0.2657095115867709,-10.6517342805656128,4.7556585755301688,-4.9545957082662655,1.3070240255156680,-5.5440325374506116,2.1308991731056914,-2.7609869966464720,-19.0592884877637943,0.6700316857969970
5.4819488579315232,-0.3589178051151194,-1.3903109188158116,0.6607239524726949,-2.3195458918558689,1.5998645672056830,0.8323830076068709,-3.3280139156447754,-4.6875593663635549,-3.3421990882047448,-7.7220227799981984,3.5423614564206365,-0.3138292236894749,0.6039393213776353,-1.6923835749303817,2.4443354744212913,1.7444891863729617,1.4208136249975176,-3.7474896942831748,-2.9479538767934983,-7.6845787920772892,-0.5414009935901566,0.7343357441538160,-17.8700561028561005,4.0912051566915526
0.5224870333920648,-2.3366487477461102,0.0995602037541803,0.3035095784593415,-1.2097554512354440,-0.8459252584948495,-3.1923847731388921,1.1209838413178903,16.3403425671851146,-1.9913616162261352,-5.3596741971065400,8.2244376651513633,-3.7255556310579436,-0.2333038432549889,-4.4625838692005022,1.7136032698237511,-6.1725094699557941,3.1429329826949757,-0.3750712592815234,-0.7162369096926798,-6.2420717238681789,-0.1984743803987623,2.0401803673998207,-28.9492363136617357,2.1534869758660267
6.8457266543285948,3.8313693412420782,-2.5962415863803812,-2.2490389058698543,-5.8541374694170223,-8.5987351677527855,1.0342673805340987,3.7207496961503090,-6.3471270344255073,-5.0083668286158618,-11.0365393360750321,0.2356920000391899,-0.2561360360866827,0.3349182268107566,-10.8904310706695444,-1.4827456919735842,-6.3163691350024971,0.1081824517502611,13.7839724329490796,-2.1240869336602510,-9.3868749692935847,0.7060172707528715,0.5619521525942758,-0.0337946660058532,6.6564079689146363
2.8528633482037580,3.1347352809313374,-2.6929829825150069,-2.0576044312442741,0.4677714509486373,-0.0731403035158395,-2.8235204299177288,3.9923446890866230,-15.1822162684727395,15.3831633523769771,-7.4506169857405338,-2.3645292151994237,-3.7863389439363058,-0.7976469070152262,-2.3747590491817077,0.7431713860467947,-7.4979513874626171,-2.1683431884746756,-5.3836065313183141,3.7799791713205773,-6.3900863161765642,2.9817218121145870,-2.9903027827385014,-3.2451813159949281,-2.3273258147044347
0.7352078560548391,2.2381381970485310,-1.8165940286529176,13.2433460746910399,-7.0971158291343883,-3.7910072207610370,-0.8038482225314640,-2.5691168232839527,-3.9079368195602591,-4.7455930363636929,-8.5124770045533520,-1.1269469577131688,-4.0016733341717696,13.1696032269727308,-1.9060992224051598,-4.2520869743947571,-12.0278221654367261,-3.2716283180134327,-2.8333146723983509,-2.6657334812463116,-3.8206719820049155,1.7109177997849288,3.5899042642255856,-10.7034594659433751,0.1203602177103263
1.4700292166647044,1.8102832320725746,-3.4843063078097596,1.1886082177647124,-0.6332944382878227,-4.7293399294226726,14.2731173648764607,3.9246232783592023,-7.7212794902254274,-1.8236127613855801,-3.1367279404308621,-0.0254110865076953,-3.8540452406616699,0.9453408347416622,-5.8441016624022017,0.4425125833039152,-4.2680503301070987,0.6062750140495385,-2.6274516130210719,2.3123741912959455,-6.8533631282494927,-2.7859106566910268,-0.0459096492100140,-8.6511194458651772,-1.0177158150879622
3.4562905113153053,13.4680677789952821,4.7952177676924732,-2.9012952663962461,4.1044324438700954,-2.0601900858011803,2.5595949526909703,-2.0415871607831377,-6.9127662586618879,-2.7314359312689453,-2.7082475986315271,-2.5117568768165404,0.8509526446858563,-2.3780083231707092,-5.2226062928099504,-0.6455615778560461,-5.8415618183427389,5.0379316266084579,-2.2063533516437044,-1.5412950057351122,-1.6638734249176867,-2.4199443279386723,3.9176186565563476,-9.9989737828157175,-0.9930411008511877
-0.3905129446970046,-3.4947501271729329,4.7364573652131590,-5.7279458617828247,15.1110740764307678,0.9974585906483867,-3.6482268991962554,0.7034931533206178,-4.9522319461492676,0.5952317587464074,3.4389315618879119,0.6900369228021319,-3.7055106387086809,-5.5443510526292679,-0.2572502016813550,3.4842395857407400,-11.6191838388189144,3.0448091126864654,1.4300268337221798,-0.0073656460304397,-9.3179714153447986,-2.6277943157662893,3.1864937027059614,-17.8461550870844299,3.0776688493608271
-3.7072214633212131,-3.9091960781162749,-1.5593984231071043,-3.0890832344043222,1.0081565570623656,5.6654994165556349,-2.4354301054912293,-2.3284056569814529,-11.5141477095468510,-0.6185964924199477,-11.0992263243745732,-1.4755276023866915,1.4956344711875420,-3.1307416499348246,27.0829528985266990,-2.3524757493219797,-8.5862583325153299,8.4825683763440303,-1.0078099135914222,-0.6833366759809053,-14.7618997373574548,3.1767190569063364,-2.8677025851092401,-16.2973125998931714,2.5474809495742350
2.1837753580949646,2.5904600065124659,-0.6484913507561326,-0.5552765167751529,-2.6832669934336102,-6.7415064412648462,-1.0098014365716645,2.0493245372667444,-9.0586012767231292,-2.0782491774460046,-9.6763047882133684,-0.0906464534399919,0.5703377142068536,-0.0963902394812913,-6.2805428598956432,0.2236349557981482,-6.0575369281326212,3.6642852002449571,-1.1232162710867941,3.7076506047218185,-7.8554064872715106,1.8037353207014126,-0.2924126536501673,3.3322543320101587,0.5960869788241727
-0.4777574628256456,1.1614581956823715,-4.9670223725568450,-1.8549690509479455,-0.8098577084231816,3.0917514476602173,-0.6921864074759534,-0.5840159493285076,-14.1313778634114211,12.5791136918340136,-2.4834409472946568,2.6031214754229195,-2.9207836851686535,-2.1457505789252957,-1.4570558824912143,-0.6660727946592733,-12.0053741559032829,0.7755550161966501,-4.0513505806076342,2.0853736951653126,-9.3196560648074502,4.1835289277368819,-3.3627661814242273,-5.8201103482284164,-2.6372948283168975
4.5191212348756533,1.7062530812269046,13.4019514734727796,-2.4564466003965442,2.1419984304314399,0.9303200756072120,2.2542815753115115,-5.7828294959048261,-10.6150625765265900,-6.7172208643618738,-1.4989032245419969,2.2032902287603191,-2.2796770835954905,-2.8977867564088347,-2.5095892220118365,3.3068283414582704,-3.7626940782036602,6.3315830613329256,-4.1122603416785726,-0.6003549226772950,-7.1105186743328961,1.2624484059582577,-2.9412618958397942,-9.5332942491881703,-0.9092384520423520
3.2257653197994554,3.1888636894992026,0.6581755152197241,-3.0616337330657135,-1.7740890013348558,-2.7040625778996117,-2.9824782432114616,2.5567540223470151,-8.4874604743911632,-2.8886506583720180,-9.9347227634133350,0.1560214732036628,-0.7298772932709755,-2.8805035660229916,-0.9923936591406308,2.7916962342862774,-7.0818440242765472,12.7223659412147008,2.8345289360795638,-1.3851129315881223,-10.9090305216846950,0.8197997513799776,0.7200323604409892,-8.6888365984790585,-2.1157215639756077
3.8074995705307750,-0.6046020221673551,-2.5916720246167482,3.6528632780366257,-5.8320664254520009,-3.2996681300839703,-1.3762016146503568,-3.0929946552072356,-14.0175581493356223,-1.8775217558255364,-8.3735820943355748,1.6573526400358263,4.6263029845732877,2.0952636128838171,-5.7147226091379766,-1.8747846336906826,-4.0865400332784318,-2.3946115946449664,-2.6208328829382532,10.2080068797413031,-6.6420667288192838,5.6412368056374707,-3.0718988755381695,-5.9994919386123922,-3.3232220033141320
1.2573628450593701,-3.2847974876074097,0.6350270008076765,6.8464223517368756,-5.1596758124785591,6.1994370012504145,-2.6941468480494084,-2.8150584222060120,-10.3526650365362034,-4.9849215270715348,-6.0345730094968468,2.7522870620735902,0.3945429415255539,7.4839064925879999,-4.2660973897465606,-2.4536242164633788,-12.6242936874367988,1.3310203320876468,-0.9207271261548056,-1.5466394718238303,-11.2401569786362963,-0.7367317728510053,-2.1181226634692947,-13.7831197236579790,1.2698422213035265
2.4207779949390802,0.0601682342814470,-4.1024710921471232,-0.9652803565342849,-3.2957804345869621,-2.6008838947011292,-0.4358790521688372,1.0029526213293927,-8.8750511824591047,-5.2981289182261024,-2.5687588885532771,0.5564064506830630,3.0167136757313564,-0.1274460294305783,-4.7877121150024351,1.6421873967275520,-9.0829364008493378,3.2392271214684261,-1.1634583289137224,5.2039424145351463,-11.1259509557989222,-0.0000311438637345,-0.3983732163942081,-9.4188670952125833,3.9999727636108924
-3.4059599164212044,-4.2403325981545548,4.8760008897242102,3.1611444540553846,-2.0478073724019534,11.9859352145466005,-3.4641243227204521,-6.7795554044540243,-5.1091884287928915,0.9988925460890705,-9.1269418239684015,1.9106571610851399,-3.7317173228956197,3.2738785502524119,30.1618990314838484,-2.7665643279818553,-7.7939149863616075,5.8015608786972006,-8.0345402178478249,0.0852410032747517,-8.9519168843764589,-2.0616397435136551,-3.0686151671654049,-17.9195976599992299,-0.6662273522741906
0.2815943658540509,0.8651844481588776,-0.0959722848148182,-2.8268092537632512,5.3305091438961680,-0.5149367359279210,0.0960531089769815,-2.1828405821466896,-7.9881146284717586,-3.3286593893531178,-7.3151264183665328,2.2691690884160081,0.7294789103439591,-4.0587504725574650,-0.9174181516233910,1.2992831056108711,-4.2742356448775034,2.4936399105697071,-5.2542902965402458,3.1738572048812665,-10.8156177270321034,1.1536040531051550,2.1899298661964881,-14.5067026723518850,2.2201421953186027
-0.0721927139024306,0.1101782726379396,3.9899542756492377,-2.0896618501292403,1.4553844073924154,-0.2530657476619705,-1.5469402404310706,-1.9486181405937353,-10.2840331211851019,1.3260563136856083,-9.0883624155649549,-0.7256213900377800,0.6070866958648974,-2.0711798624546223,-6.7254834913405341,12.9368022174045478,-8.1563959282863490,1.8467539555109564,-3.5386484255373554,-1.8223865326174955,-12.1042549835629796,2.3281641526220453,-1.1863519268263025,-2.3420550890154388,0.8333009436270500
2.7523613278539134,1.2087554786063108,0.0080030232342623,-2.4628522025309185,0.0402925427880876,2.0663202403010095,0.2297535315395034,1.4073892902446952,-9.4984527292508201,-4.1545531780774256,-3.7848619841629079,-1.0519065442865947,-0.8081502750344615,-3.0371831692362474,-5.6077732700824763,3.0703947083912237,-5.9378006793207501,1.7061472495612235,-1.1219604740788125,5.0996705471508452,-6.9917688193249363,0.8471499084880389,-1.7658814223074633,12.2156803620898700,-0.4260515450860373
3.2012091904016891,-1.7640367014122209,-2.9488179771778609,-1.8414264095539827,-3.0617341674867378,-7.6951363258752696,-1.4064546156763711,3.8561589982741458,-0.2748545527016648,-1.6780346162785686,-7.8473584717641574,2.8492850759712969,-0.0119050409638064,-0.9698743831171552,-6.1859119172972248,0.9798127113497314,-8.7639328100771579,3.4067909464552848,0.7286852347032318,1.2616433602523149,-9.7821851324305502,2.3542263722072945,3.4887288846370028,-13.4405528954790050,1.3704648034889515
5.1599408344022883,-2.8561896715020851,0.7573225998402772,-0.1584145417528128,0.9997757170536635,-5.1288437430644089,-3.1358346795239220,-0.7401765603220787,-5.5691767915352886,-5.2940428545038634,-6.0295818273617439,3.2156434677778507,-0.9741700749513337,-0.0355042659945037,1.5348346052804918,-2.1918767071069740,-5.7925382870189832,3.6826106225889639,-2.1541946702224304,-0.4362945968450195,-10.6401872973391729,-0.5667384496385702,2.6278070374517677,-15.3829452261084008,5.9466942244481160
-1.6625617876473504,1.8148441837421450,0.0327808714862064,-1.8768010914008817,-3.7468944920211777,-2.2896114723058578,1.5900052454034017,4.3993247337569077,-6.1657462307557722,-2.0307583216291616,-5.0276405880726180,2.5555354099234684,-1.1439756593943817,-0.1434155761249723,-10.1107079774924795,3.3512987751444121,-7.1263653784239915,-1.0635261345313525,1.0491325556744864,2.8867386747397035,-7.7034261193163820,1.2669819333777843,1.4226082476269410,-0.5487450318144287,-2.2126711251846021
1.3673141425172632,-0.2572421912365703,0.6267659627445604,-1.2753609240139676,0.6533971354500019,1.3324804574319866,1.7477671511651194,0.2399071513365510,-7.8247404046405391,-0.2453456927032959,-5.1687160555148850,0.8622752013372335,-1.7250733345581468,-3.9648582242734194,0.0305403323825857,4.4764756265308998,16.6642087296572718,2.3191041604141942,-3.5060426664402189,-0.7220737974696856,-4.7939839456169997,-0.5003854892851297,2.9232757775283056,-17.0308248913279421,1.7444589237318671
-2.8839706258872759,-3.6347700393807210,-7.1395449970564835,9.0818588750005418,-3.4098442480927615,-5.8752608247201641,-4.4296870634315040,0.7947651291957967,-7.6467807745745997,0.2456885853788747,-7.0329704664738060,1.9833049168556696,-1.9447661082977235,8.9528495280414795,-3.6819043056350038,-1.5108509273022379,-16.9273239120097614,1.2427921244550848,-4.0452035389836762,1.6258718507908689,-11.6707943706814241,2.8046917323331639,0.6164280505762079,-20.4732235404749510,0.4788192362616873
-0.1593979509255028,-3.2814875924075495,2.8021586064164783,-1.8057265046977942,0.6096300565259468,16.4529989263264866,-2.3544880111136965,-4.8674673546785936,-6.7810204673848284,-3.2617434812470161,-3.1835834624322330,1.9226334170131236,-0.4765065937469593,-2.4805431635251325,-3.1373119688771385,0.2947708983951010,-9.1639442198191698,1.4637717459378565,0.2560657264867177,2.0597389270784929,-7.7571809559853895,2.4470309162559367,0.4466361751540318,-14.7996338770817708,-0.2874786500411178
0.8519275992736386,-2.2192741404215757,0.2179773593356392,-3.4707085301479634,-1.7096549404476251,-7.7674720449519690,0.7406432993138441,5.0614211702727658,1.4655779949191572,-2.7470834642494966,-8.4145558641910139,0.5503767794223204,-0.0453085346634074,-2.0878436988797584,-5.5051601589379899,1.6841982966722293,-14.3369564588138587,2.0670348376059113,5.1589731965632808,-6.0073366841717606,-12.3872757160126952,1.4191766322825536,10.6054448829669585,-11.7472843403754297,5.3959721598938719
